TIME PERIOD;Austria;Belgium;Cyprus;Germany;Estonia;Spain;Finland;France;Greece;Croatia;Ireland;Italy;Lithuania;Luxembourg;Latvia;Malta;Netherlands;Portugal;Slovenia;Slovakia
1993Jan;7.22;7.57;;7.15;;12.16;10.92;7.97;24.5;;9.88;13.43;;;;;7.14;;;
1993Feb;7.13;7.65;;6.94;;11.43;10.27;7.79;24.5;;9.26;13.06;;;;;6.88;;;
1993Mar;6.86;7.37;;6.66;;11.36;9.88;7.35;24.5;;8.62;12.9;;;;;6.57;;;
1993Apr;6.93;7.44;;6.68;;11.49;9.77;7.16;24.38;;8.11;13.11;;;;;6.61;;;
1993May;7.06;7.43;;6.83;;11.22;9.46;7.19;23.88;;7.83;12.46;;;;;6.67;;;
1993Jun;6.99;7.23;;6.81;;10.56;9.06;7.01;23.38;;7.61;11.67;;;;;6.59;;;
1993Jul;6.75;7.05;;6.62;;10.22;8.6;6.75;22.88;;7.32;11.1;;;;;6.43;10.67;;
1993Aug;6.6;7.08;;6.41;;9.48;7.87;6.34;22.25;;7.11;9.76;;;;;6.18;10.37;;
1993Sep;6.44;7.22;;6.2;;9.09;7.99;6.14;22.25;;7.01;9.47;;;;;5.98;9.74;;
1993Oct;6.26;7.19;;6;;8.69;7.67;5.98;22.25;;6.71;9.02;;6.68;;;5.83;9.27;;
1993Nov;6.18;6.92;;5.98;;8.56;7.39;6.03;22.25;;6.57;9.33;;6.52;;;5.81;9.39;;
1993Dec;6.04;6.59;;5.85;;8.28;7.03;5.8;22.25;;6.38;8.93;;6.3;;;5.67;9.19;;
1994Jan;5.81;6.52;;5.8;;7.98;6.54;5.67;22;;6.15;8.67;;6.33;;;5.6;8.93;;
1994Feb;6.06;6.7;;6.07;;8.07;6.58;5.97;21.25;;6.45;8.77;;6.43;;;5.86;8.58;;
1994Mar;6.45;7.14;;6.34;;8.82;7.45;6.38;20.38;;7.07;9.45;;6.72;;;6.29;8.97;;
1994Apr;6.67;7.29;;6.48;;9.07;8.29;6.69;20;;7.57;9.05;;6.98;;;6.53;9.26;;
1994May;6.97;7.54;;6.66;;9.55;8.53;6.98;20.38;;7.96;9.37;;7.11;;;6.74;9.96;;
1994Jun;7.41;7.98;;7.05;;10.28;9.54;7.5;20.75;;8.5;10.48;;7.15;;;7.11;10.84;;
1994Jul;7.12;7.95;;6.9;;10.59;9.89;7.39;21.13;;8.34;10.77;;7.13;;;6.91;11.34;;
1994Aug;7.2;8.21;;7.09;;10.68;10.59;7.65;21.5;;8.43;11.46;;7.08;;;7.12;11.42;;
1994Sep;7.57;8.58;;7.52;;11.22;10.53;8.1;21.5;;8.82;11.94;;7.32;;;7.49;11.75;;
1994Oct;7.69;8.45;;7.54;;11.14;10.08;8.19;20.67;;8.68;12.07;;7.96;;;7.51;11.59;;
1994Nov;7.72;8.35;;7.49;;11.17;10.23;8.14;19.83;;8.51;12.02;;7.85;;;7.54;11.51;;
1994Dec;7.63;8.3;;7.46;;11.38;10.21;8.03;19;;8.57;12.2;;7.74;;;7.6;11.6;;
1995Jan;7.72;8.45;;7.6;;11.86;10.24;8.22;19;;8.79;12.37;;7.78;;;7.71;11.79;;
1995Feb;7.65;8.27;;7.42;;11.6;10.22;8.01;18.5;;8.67;12.39;;7.83;;;7.54;11.71;;
1995Mar;7.51;8.16;;7.28;;12.26;10.18;8.03;18.25;;8.8;13.45;;7.73;;;7.42;11.98;;
1995Apr;7.37;7.85;;7.09;;12.09;9.42;7.81;18;;8.7;13.41;;7.53;;;7.17;12.17;;
1995May;7.13;7.59;;6.86;;11.41;8.84;7.52;17.58;;8.34;12.3;;7.39;;;6.92;11.92;;
1995Jun;7.05;7.33;;6.78;;11.54;8.7;7.45;17.24;;8.26;12.38;;7.11;;;6.82;11.89;;
1995Jul;7.11;7.33;;6.86;;11.33;8.74;7.45;16.72;;8.39;12.21;;7.1;;;6.85;11.69;;
1995Aug;7;7.19;;6.74;;10.97;8.34;7.33;16.19;;8.15;11.66;;7.09;;;6.74;11.31;;
1995Sep;6.88;7.04;;6.59;;10.8;7.98;7.35;15.72;;7.96;11.54;;6.9;;;6.58;11.15;;
1995Oct;6.96;7.06;;6.57;;10.89;7.95;7.49;15.56;;7.99;11.96;;6.84;;;6.59;11.22;;
1995Nov;6.76;6.8;;6.34;;10.54;7.52;7.04;15.4;;7.63;11.63;;6.77;;;6.32;10.74;;
1995Dec;6.47;6.7;;6.07;;9.95;7.38;6.71;15.35;;7.38;11.17;;6.69;;;6.09;10.03;;
1996Jan;6.21;6.44;;5.89;;9.46;7.04;6.47;15.3;;7.23;10.43;;6.42;;;5.87;9.44;;
1996Feb;6.44;6.64;;6.2;;9.71;7.67;6.6;15.3;;7.49;10.52;;6.44;;;6.22;9.45;;
1996Mar;6.55;6.84;;6.44;;9.89;7.71;6.65;14.9;;7.82;10.69;;6.68;;;6.45;9.46;;
1996Apr;6.43;6.67;;6.38;;9.33;7.47;6.51;14.8;;7.61;10.34;;6.58;;;6.34;9.06;;
1996May;6.45;6.69;;6.45;;9.17;7.36;6.47;14.87;;7.5;9.7;;6.47;;;6.34;8.97;;
1996Jun;6.63;6.78;;6.56;;9.11;7.21;6.56;14.95;;7.62;9.57;;6.51;;;6.47;8.88;;
1996Jul;6.58;6.78;;6.48;;8.78;7.07;6.49;14.61;;7.49;9.43;;6.53;;;6.41;8.71;;
1996Aug;6.41;6.62;;6.3;;8.86;7.16;6.41;14.46;;7.43;9.48;;6.35;;;6.24;8.71;;
1996Sep;6.3;6.45;;6.23;;8.43;6.92;6.29;14.23;;7.21;9.17;;6.25;;;6.1;8.32;;
1996Oct;6.06;6.1;;6.01;;7.76;6.51;5.98;14;;6.78;8.23;;5.93;;;5.88;7.59;;
1996Nov;5.95;6;;5.86;;7.34;6.47;5.83;13.36;;6.68;7.69;;5.89;;;5.76;7.17;;
1996Dec;5.86;5.9;;5.79;;7;6.34;5.75;12.42;;6.61;7.57;;5.81;;;5.72;6.95;;
1997Jan;5.84;5.89;;5.8;;6.83;6.14;5.69;12.29;;6.59;7.38;;5.72;;;5.66;6.72;;
1997Feb;5.58;5.65;;5.55;;6.74;5.91;5.45;10.87;;6.33;7.36;;5.45;;;5.47;6.66;;
1997Mar;5.71;5.85;;5.71;;7.03;6.12;5.67;9.45;;6.62;7.87;;5.59;;;5.66;6.87;;
1997Apr;5.9;6.02;;5.87;;6.95;6.36;5.81;9.33;;6.69;7.74;;5.7;;;5.79;6.8;;
1997May;5.79;5.9;;5.76;;6.61;6.16;5.71;8.92;;6.55;7.32;;5.59;;;5.69;6.49;;
1997Jun;5.78;5.83;;5.72;;6.47;6.09;5.65;9.15;;6.49;7.07;;5.69;;;5.62;6.41;;
1997Jul;5.61;5.64;;5.56;;6.21;5.86;5.44;9.42;;6.26;6.52;;5.57;;;5.49;6.26;;
1997Aug;5.7;5.75;;5.66;;6.31;5.9;5.59;9.63;;6.33;6.66;;5.62;;;5.6;6.35;;
1997Sep;5.63;5.69;;5.59;;6.09;5.84;5.53;9.43;;6.1;6.36;;5.6;;;5.55;6.13;;
1997Oct;5.62;5.69;;5.58;;5.98;5.75;5.6;9.3;;5.99;6.2;;5.6;;;5.57;5.98;;
1997Nov;5.63;5.68;;5.56;;5.96;5.79;5.57;10.76;;5.98;6.13;;5.61;;;5.54;5.96;;
1997Dec;5.4;5.45;;5.33;;5.64;5.58;5.32;10.48;;5.61;5.74;;5.43;;;5.28;5.67;;
1998Jan;5.19;5.22;;5.11;;5.4;5.31;5.12;11.03;;5.35;5.43;;5.21;;;5.08;5.41;;
1998Feb;5.07;5.11;;4.99;;5.24;5.16;5.04;11.04;;5.23;5.38;;5.08;;;5.01;5.32;;
1998Mar;4.97;5.03;;4.9;;5.09;5.04;4.96;9.27;;5.08;5.2;;5;;;4.94;5.25;;
1998Apr;4.97;5.03;;4.9;;5.06;5.01;4.97;8.11;;5.05;5.15;;4.99;;;4.95;5.17;;
1998May;5.03;5.09;;4.96;;5.13;5.08;5.01;7.85;;5.14;5.21;;5.06;;;5;5.18;;
1998Jun;4.89;4.96;;4.8;;5.02;4.95;4.86;7.74;;5.03;5.08;;4.94;;;4.85;5.06;;
1998Jul;4.83;4.88;;4.68;;4.94;4.86;4.78;7.67;;4.93;4.97;;4.84;;;4.76;4.95;;
1998Aug;4.62;4.66;;4.42;;4.74;4.68;4.53;7.56;;4.68;4.79;;4.56;;;4.53;4.76;;
1998Sep;4.31;4.34;;4.06;;4.48;4.45;4.2;8.25;;4.39;4.53;;4.36;;;4.19;4.46;;
1998Oct;4.3;4.28;;4.06;;4.43;4.45;4.19;8.45;;4.35;4.49;;4.3;;;4.14;4.44;;
1998Nov;4.33;4.33;;4.12;;4.41;4.41;4.2;7.65;;4.32;4.38;;4.21;;;4.19;4.43;;
1998Dec;4.05;4.09;;3.86;;4.07;4.06;3.91;7.17;;4.02;4;;4.1;;;3.96;4.12;;
1999Jan;3.84;3.9;;3.7;;3.88;3.91;3.78;6.32;;3.89;3.92;;3.91;;;3.81;3.9;;
1999Feb;3.98;4.04;;3.85;;4.02;4.05;3.94;5.96;;4.02;4.05;;3.93;;;3.93;4.02;;
1999Mar;4.16;4.26;;4.04;;4.26;4.26;4.14;5.97;;4.19;4.27;;4.17;;;4.14;4.24;;
1999Apr;4.03;4.11;;3.85;;4.09;4.07;3.99;5.85;;3.95;4.11;;4.01;;;4.01;4.13;;
1999May;4.21;4.29;;4.01;;4.28;4.24;4.17;5.75;;4.18;4.28;;4.16;;;4.19;4.32;;
1999Jun;4.54;4.64;;4.36;;4.61;4.58;4.49;6.02;;4.59;4.62;;4.37;;;4.51;4.66;;
1999Jul;4.87;4.94;;4.68;;4.91;4.92;4.82;6.37;;4.94;4.94;;4.87;;;4.82;4.99;;
1999Aug;5.1;5.18;;4.88;;5.17;5.15;5.02;6.66;;5.16;5.13;;5.18;;;5.03;5.22;;
1999Sep;5.27;5.34;;5.04;;5.32;5.32;5.2;6.64;;5.34;5.28;;5.31;;;5.22;5.41;;
1999Oct;5.53;5.58;;5.29;;5.56;5.56;5.44;7.03;;5.57;5.52;;5.54;;;5.45;5.62;;
1999Nov;5.27;5.3;;5.04;;5.28;5.28;5.15;6.61;;5.31;5.25;;5.27;;;5.18;5.36;;
1999Dec;5.35;5.41;;5.15;;5.37;5.37;5.29;6.39;;5.4;5.36;;5.26;;;5.28;5.46;;
2000Jan;5.75;5.79;;5.54;;5.76;5.75;5.66;6.6;;5.8;5.75;;5.65;;;5.67;5.81;;
2000Feb;5.77;5.79;;5.51;;5.73;5.72;5.62;6.48;;5.76;5.73;;5.71;;;5.66;5.78;;
2000Mar;5.59;5.62;;5.33;;5.55;5.5;5.43;6.24;;5.58;5.58;;5.56;;;5.48;5.61;;
2000Apr;5.49;5.52;;5.22;;5.45;5.46;5.33;6.09;;5.46;5.47;;5.42;;;5.38;5.52;;
2000May;5.66;5.69;;5.38;;5.63;5.59;5.5;6.18;;5.61;5.67;;5.6;;;5.5;5.68;;
2000Jun;5.52;5.53;;5.19;;5.45;5.39;5.32;6.06;;5.43;5.51;;5.38;;;5.31;5.54;;
2000Jul;5.6;5.6;;5.27;;5.53;5.48;5.4;6.08;;5.52;5.59;;5.57;;;5.4;5.61;;
2000Aug;5.54;5.56;;5.21;;5.5;5.43;5.36;6.04;;5.47;5.56;;5.49;;;5.36;5.57;;
2000Sep;5.57;5.63;;5.26;;5.56;5.49;5.42;6.05;;5.52;5.63;;5.57;;;5.41;5.63;;
2000Oct;5.52;5.58;;5.21;;5.5;5.45;5.36;5.97;;5.46;5.58;;5.51;;;5.35;5.58;;
2000Nov;5.46;5.52;;5.15;;5.45;5.4;5.29;5.87;;5.4;5.55;;5.57;;;5.3;5.53;;
2000Dec;5.21;5.28;;4.89;;5.2;5.14;5.04;5.54;;5.14;5.3;;5.21;;;5.03;5.28;;
2001Jan;5.1;5.16;7.68;4.8;;5.08;5.02;4.94;5.35;;5.03;5.18;9.31;5.06;7.64;6.11;4.93;5.16;;8.25
2001Feb;5.1;5.16;7.68;4.78;;5.12;5.02;4.93;5.35;;5.01;5.18;9.77;5.08;7.82;6.11;4.92;5.14;;8.17
2001Mar;5.01;5.08;7.66;4.67;;5.04;4.94;4.84;5.28;;4.92;5.13;8.64;4.93;7.9;6.11;4.83;5.09;;8.09
2001Apr;5.16;5.21;7.63;4.83;;5.18;5.1;5;5.39;;5.09;5.28;8.5;5.05;7.9;6.11;5.02;5.27;;8
2001May;5.34;5.38;7.71;5.05;;5.36;5.29;5.21;5.54;;5.28;5.45;8.46;5.3;7.54;6.11;5.22;5.42;;8.02
2001Jun;5.27;5.33;7.7;5;;5.33;5.26;5.15;5.48;;5.23;5.4;8.46;5.15;7.6;6.14;5.17;5.38;;8.05
2001Jul;5.29;5.35;7.69;5.02;;5.35;5.27;5.15;5.51;;5.23;5.42;8.46;5.05;7.75;6.17;5.17;5.39;;8.04
2001Aug;5.1;5.15;7.55;4.82;;5.16;5.06;4.95;5.33;;5.01;5.22;8.01;4.81;7.66;6.29;4.98;5.19;;7.99
2001Sep;5.08;5.14;7.55;4.81;;5.14;5.06;4.94;5.31;;5.01;5.2;7.99;4.67;7.58;6.3;4.98;5.17;;8.1
2001Oct;4.85;4.89;7.55;4.6;;4.91;4.83;4.72;5.07;;4.77;4.96;7.62;4.41;7.48;6.3;4.77;4.92;;8.08
2001Nov;4.7;4.75;7.55;4.45;;4.76;4.69;4.57;4.9;;4.63;4.8;6.28;4.29;7.08;6.27;4.62;4.76;;7.97
2001Dec;4.95;4.97;7.55;4.74;;4.97;4.98;4.87;5.13;;4.93;5.05;6.34;4.51;6.93;6.24;4.89;5.01;;7.75
2002Jan;5.06;5.08;7.55;4.86;;5.05;5.05;4.93;5.24;;5.02;5.14;6.47;4.84;6.35;6.18;4.97;5.08;;7.41
2002Feb;5.12;5.15;7.11;4.92;;5.11;5.1;4.99;5.31;;5.2;5.2;6.43;4.91;5.98;6.12;5.03;5.15;;7.32
2002Mar;5.36;5.37;5.37;5.16;;5.34;5.33;5.24;5.5;;5.42;5.41;5.92;5.16;5.8;6.04;5.27;5.39;9.62;7.37
2002Apr;5.35;5.37;5.37;5.15;;5.34;5.32;5.24;5.51;;5.41;5.4;6.15;5.19;5.78;5.88;5.25;5.39;9.52;7.47
2002May;5.37;5.38;5.37;5.17;;5.36;5.4;5.26;5.52;;5.41;5.41;6.15;5.15;5.59;5.85;5.31;5.4;9.22;7.68
2002Jun;5.22;5.24;5.37;5.02;;5.23;5.26;5.11;5.37;;5.25;5.26;6.1;5.09;5.38;5.83;5.16;5.26;9.19;7.83
2002Jul;5.06;5.09;5.37;4.87;;5.07;5.1;4.96;5.21;;5.11;5.11;6;4.87;5.34;5.77;4.99;5.12;9.08;7.64
2002Aug;4.77;4.8;5.37;4.59;;4.78;4.81;4.67;4.95;;4.84;4.83;6;4.7;5.34;5.74;4.71;4.85;8.94;7.24
2002Sep;4.57;4.6;5.37;4.38;;4.57;4.61;4.46;4.73;;4.63;4.62;5.92;4.33;5.14;5.74;4.5;4.63;8.91;6.6
2002Oct;4.64;4.66;5.37;4.46;;4.63;4.68;4.55;4.79;;4.7;4.76;5.87;4.11;4.88;5.56;4.58;4.7;8.9;6.11
2002Nov;4.62;4.64;5.37;4.48;;4.6;4.66;4.53;4.76;;4.67;4.74;5.87;4.11;4.79;5.57;4.56;4.66;7.1;5.43
2002Dec;4.43;4.46;5.37;4.33;;4.43;4.45;4.38;4.58;;4.46;4.55;5.87;3.97;4.53;5.55;4.36;4.45;6.65;5.12
2003Jan;4.22;4.28;5.29;4.18;;4.24;4.26;4.22;4.43;;4.27;4.38;5.85;3.62;4.62;5.54;4.19;4.27;6.65;4.98
2003Feb;4.01;4.11;4.83;3.95;;4.01;4.05;4.01;4.24;;4.06;4.16;5.67;3.55;4.77;5.51;3.97;4.04;6.65;4.92
2003Mar;4.03;4.15;4.83;4;;4.04;4.09;4.1;4.26;;4.09;4.19;5.67;3.55;4.99;5.4;4.01;4.08;6.65;5.01
2003Apr;4.16;4.29;4.8;4.15;;4.19;4.23;4.22;4.38;;4.22;4.31;5.65;3.55;4.99;5.25;4.23;4.18;6.65;4.9
2003May;3.85;3.95;4.63;3.82;;3.88;3.91;3.89;4.02;;3.89;4.04;5.63;3.55;4.95;5.14;3.91;3.91;6.65;4.72
2003Jun;3.76;3.74;4.63;3.62;;3.69;3.7;3.69;3.81;;3.69;3.82;5.5;2.85;4.89;5.11;3.72;3.77;6.65;4.7
2003Jul;4.06;4.06;4.59;3.97;;4.03;4.01;4.01;4.12;;4.01;4.13;5.38;2.85;4.78;4.95;4.04;4.1;6.65;4.8
2003Aug;4.22;4.22;4.59;4.13;;4.19;4.18;4.16;4.29;;4.17;4.29;5.04;3.18;4.8;4.78;4.19;4.26;6.65;4.92
2003Sep;4.24;4.25;4.59;4.17;;4.21;4.2;4.23;4.32;;4.19;4.31;5.04;3.22;4.96;4.73;4.21;4.29;6.65;5.02
2003Oct;4.32;4.31;4.64;4.22;;4.27;4.26;4.28;4.38;;4.25;4.38;4.82;3.2;4.98;4.68;4.27;4.36;6.16;5.08
2003Nov;4.44;4.43;4.75;4.35;;4.4;4.39;4.41;4.51;;4.39;4.51;4.81;3.38;5.01;4.7;4.41;4.48;5.54;5.36
2003Dec;4.38;4.38;4.75;4.29;;4.34;4.33;4.34;4.45;;4.36;4.46;4.81;3.29;5.07;4.71;4.33;4.4;5.27;5.42
2004Jan;4.27;4.26;4.75;4.17;;4.19;4.16;4.2;4.37;;4.2;4.32;4.81;3.01;5.06;4.71;4.18;4.25;5.14;5.16
2004Feb;4.23;4.26;4.79;4.11;;4.15;4.11;4.14;4.35;;4.15;4.34;4.81;2.94;5.05;4.7;4.12;4.19;5.01;5.11
2004Mar;4.05;4.07;5.17;3.91;;4.01;3.92;3.98;4.17;;3.97;4.17;4.64;2.69;4.98;4.7;3.93;4;4.99;5.09
2004Apr;4.24;4.26;5.17;4.1;;4.2;4.1;4.18;4.35;;4.17;4.35;4.55;2.77;4.89;4.65;4.13;4.25;4.83;5.06
2004May;4.37;4.4;5.17;4.25;;4.33;4.25;4.34;4.49;;4.31;4.49;4.46;3.05;4.95;4.65;4.37;4.42;4.77;5.13
2004Jun;4.42;4.46;5.49;4.31;;4.39;4.48;4.39;4.55;;4.38;4.54;4.47;3.12;4.93;4.65;4.42;4.47;4.69;5.09
2004Jul;4.31;4.34;6.58;4.24;;4.28;4.37;4.27;4.44;;4.27;4.44;4.58;3.04;4.89;4.65;4.31;4.35;4.64;5.03
2004Aug;4.15;4.18;6.58;4.08;;4.15;4.21;4.11;4.28;;4.09;4.28;4.57;2.86;4.88;4.7;4.15;4.18;4.66;5.02
2004Sep;4.09;4.11;6.58;4.02;;4.08;4.14;4.09;4.22;;4.04;4.25;4.56;2.83;4.87;4.7;4.09;4.12;4.63;5.04
2004Oct;3.97;3.98;6.58;3.89;;3.97;4.01;3.98;4.11;;3.92;4.13;4.38;2.69;4.63;4.71;3.96;3.99;4.47;5.08
2004Nov;3.84;3.85;6.45;3.78;;3.85;3.89;3.86;3.97;;3.8;4;4.25;2.59;4.58;4.7;3.85;3.86;4.3;4.92
2004Dec;3.63;3.66;6.26;3.58;;3.64;3.68;3.64;3.77;;3.62;3.79;3.95;2.54;4.58;4.7;3.63;3.64;4.07;4.58
2005Jan;3.56;3.59;6.13;3.56;;3.59;3.6;3.58;3.69;;3.52;3.71;3.85;2.55;4.29;4.71;3.56;3.56;3.87;4.04
2005Feb;3.55;3.57;6.06;3.54;;3.58;3.57;3.6;3.69;;3.51;3.68;3.8;2.56;4.03;4.72;3.55;3.55;3.92;3.8
2005Mar;3.7;3.76;5.89;3.7;;3.74;3.72;3.75;3.92;;3.66;3.84;3.73;2.58;3.94;4.72;3.69;3.7;3.88;3.6
2005Apr;3.5;3.6;5.87;3.48;;3.53;3.51;3.54;3.76;;3.46;3.65;3.82;2.45;3.87;4.71;3.48;3.5;3.95;3.76
2005May;3.41;3.43;5.84;3.3;;3.36;3.33;3.38;3.6;;3.28;3.55;3.87;2.28;3.87;4.66;3.3;3.35;3.92;3.54
2005Jun;3.23;3.26;5.13;3.13;;3.18;3.16;3.2;3.44;;3.13;3.41;3.78;2.12;3.87;4.56;3.13;3.19;3.9;3.36
2005Jul;3.27;3.3;4.84;3.2;;3.22;3.18;3.27;3.46;;3.18;3.44;3.61;2.17;3.87;4.55;3.27;3.35;3.78;3.22
2005Aug;3.28;3.31;4.84;3.23;;3.23;3.21;3.3;3.47;;3.22;3.45;3.5;2.25;3.87;4.43;3.28;3.39;3.79;3.24
2005Sep;3.12;3.14;4.81;3.07;;3.09;3.05;3.13;3.3;;3.04;3.29;3.5;2.2;3.87;4.41;3.12;3.23;3.74;3.13
2005Oct;3.27;3.3;4.22;3.24;;3.28;3.19;3.29;3.45;;3.19;3.44;3.5;2.42;3.87;4.41;3.28;3.39;3.62;3.25
2005Nov;3.48;3.49;4.22;3.45;;3.48;3.4;3.5;3.67;;3.4;3.66;3.64;2.65;3.56;4.39;3.48;3.58;3.62;3.7
2005Dec;3.36;3.39;4.09;3.34;;3.37;3.3;3.38;3.57;4.42;3.36;3.55;3.79;2.74;3.59;4.39;3.35;3.46;3.69;3.62
2006Jan;3.33;3.37;3.96;3.32;;3.33;3.28;3.34;3.6;4.03;3.32;3.54;3.62;2.82;3.6;4.39;3.33;3.45;3.73;3.59
2006Feb;3.48;3.54;3.96;3.47;;3.48;3.44;3.51;3.77;3.93;3.47;3.7;3.53;2.82;3.6;4.38;3.48;3.6;3.72;3.75
2006Mar;3.65;3.7;3.97;3.64;;3.66;3.62;3.69;3.95;3.91;3.65;3.92;3.75;2.82;3.6;4.35;3.66;3.77;3.8;4.01
2006Apr;3.92;3.96;4.07;3.89;;3.92;3.88;3.95;4.23;4.2;3.9;4.22;3.92;2.82;3.6;4.19;3.92;4.03;3.73;4.27
2006May;4.03;4.03;4.07;3.96;;3.99;3.94;4;4.3;4.44;3.96;4.29;4.13;3.08;3.6;4.24;3.96;4.07;3.73;4.5
2006Jun;4.03;4.02;4.03;3.96;;3.99;4.02;4.01;4.31;4.51;3.98;4.3;4.34;3.38;4.14;4.27;3.97;4.1;3.86;4.66
2006Jul;4.05;4.04;4.21;4.01;;4.02;4.07;4.03;4.33;4.64;4;4.31;4.28;3.49;4.32;4.31;3.99;4.14;3.86;5.42
2006Aug;3.92;3.92;4.28;3.88;;3.89;3.94;3.9;4.19;4.64;3.88;4.17;4.28;3.58;4.36;4.34;3.9;4.06;3.92;5.13
2006Sep;3.79;3.79;4.28;3.75;;3.76;3.8;3.77;4.06;4.69;3.76;4.04;4.28;3.67;4.38;4.34;3.78;3.93;3.98;4.79
2006Oct;3.83;3.83;4.26;3.79;;3.81;3.84;3.81;4.08;4.75;3.78;4.07;4.28;3.67;4.55;4.34;3.82;3.98;4.02;4.42
2006Nov;3.76;3.76;4.26;3.71;;3.75;3.75;3.74;3.98;4.7;3.72;3.97;4.28;3.72;4.95;4.34;3.75;3.89;3.99;4.25
2006Dec;3.81;3.82;4.26;3.77;;3.82;3.82;3.81;4.04;4.72;3.76;4.04;4.28;3.77;4.9;4.33;3.82;3.96;3.9;4.15
2007Jan;4.06;4.06;4.36;4.02;;4.07;4.05;4.07;4.28;4.75;4.04;4.26;4.28;3.83;4.92;4.34;4.05;4.18;4.23;4.25
2007Feb;4.09;4.11;4.42;4.05;;4.1;4.08;4.1;4.3;4.67;4.07;4.28;4.28;3.91;5.07;4.38;4.07;4.19;4.34;4.28
2007Mar;3.99;4.01;4.47;3.94;;4.01;3.98;4;4.2;4.48;3.97;4.18;4.24;4.02;5.14;4.38;3.98;4.1;4.34;4.24
2007Apr;4.21;4.22;4.44;4.15;;4.21;4.2;4.21;4.4;4.47;4.19;4.37;4.18;4.26;5.52;4.44;4.19;4.3;4.41;4.26
2007May;4.33;4.34;4.44;4.28;;4.34;4.33;4.34;4.51;4.63;4.32;4.49;4.36;4.63;6.03;4.61;4.33;4.44;4.49;4.4
2007Jun;4.63;4.64;4.44;4.56;;4.62;4.62;4.62;4.8;4.88;4.62;4.77;4.57;4.85;5.62;5.12;4.61;4.75;4.79;4.66
2007Jul;4.59;4.62;4.44;4.5;;4.6;4.59;4.58;4.79;5.04;4.59;4.76;4.89;4.84;5.28;5.18;4.56;4.73;4.72;4.7
2007Aug;4.38;4.44;4.44;4.3;;4.4;4.39;4.39;4.62;5.1;4.4;4.58;4.8;4.68;5.32;4.94;4.38;4.56;4.82;4.65
2007Sep;4.33;4.39;4.45;4.22;;4.36;4.34;4.36;4.56;5.15;4.32;4.57;4.72;4.64;5.21;4.85;4.34;4.5;4.69;4.61
2007Oct;4.4;4.42;4.6;4.28;;4.38;4.38;4.4;4.58;5.22;4.39;4.59;4.72;4.63;5.06;4.92;4.38;4.52;4.59;4.64
2007Nov;4.21;4.28;4.6;4.09;;4.25;4.22;4.23;4.43;5.37;4.31;4.45;4.57;4.56;5.12;4.72;4.21;4.36;4.4;4.59
2007Dec;4.35;4.41;4.6;4.21;;4.35;4.34;4.35;4.53;5.44;4.45;4.54;4.94;4.68;5.1;4.81;4.34;4.47;4.55;4.61
2008Jan;4.22;4.25;4.6;4.03;;4.18;4.14;4.15;4.4;5.55;4.25;4.4;4.73;4.47;5.71;4.63;4.13;4.31;4.39;4.48
2008Feb;4.18;4.23;4.6;3.95;;4.15;4.06;4.08;4.36;5.78;4.21;4.35;4.51;4.42;5.11;4.6;4.05;4.27;4.32;4.36
2008Mar;4.14;4.23;4.6;3.8;;4.12;4;4.02;4.42;5.83;4.17;4.38;4.36;4.37;5.25;4.49;3.97;4.36;4.33;4.34
2008Apr;4.34;4.37;4.6;4.04;;4.32;4.22;4.27;4.54;5.79;4.44;4.53;4.59;4.55;5.93;4.77;4.21;4.52;4.47;4.46
2008May;4.48;4.51;4.6;4.2;;4.43;4.47;4.41;4.74;5.71;4.58;4.7;4.8;4.67;5.93;4.91;4.36;4.6;4.61;4.52
2008Jun;4.8;4.84;4.6;4.52;;4.79;4.78;4.73;5.17;5.76;4.91;5.11;5.33;4.98;6.25;5.26;4.73;4.96;4.95;4.94
2008Jul;4.78;4.85;4.6;4.49;;4.8;4.77;4.69;5.15;5.81;4.92;5.1;5.49;5.01;6.57;5.28;4.69;4.95;5.02;5.06
2008Aug;4.48;4.58;4.6;4.2;;4.56;4.47;4.4;4.87;5.87;4.59;4.81;5.47;4.78;6.6;5.12;4.4;4.69;4.68;4.95
2008Sep;4.46;4.56;4.6;4.09;;4.57;4.43;4.36;4.88;5.94;4.56;4.8;5.45;4.84;6.6;5.04;4.35;4.66;4.68;4.98
2008Oct;4.33;4.46;4.6;3.88;;4.47;4.33;4.18;4.93;6.26;4.55;4.78;5.4;4.68;6.6;4.81;4.23;4.56;4.66;4.95
2008Nov;4.19;4.26;4.6;3.56;;4.15;4.09;3.98;5.09;7.07;4.56;4.74;8.16;4.35;7.6;4.61;3.96;4.35;4.61;4.92
2008Dec;3.9;3.87;4.6;3.05;;3.86;3.72;3.54;5.08;7.13;4.57;4.47;9;4.17;9.03;4.17;3.65;4;4.56;4.72
2009Jan;4;4.13;4.6;3.07;;4.15;3.87;3.6;5.6;6.83;5.2;4.62;13.95;4.18;10.64;4.35;3.76;4.32;4.7;4.69
2009Feb;4.21;4.24;4.6;3.13;;4.23;3.93;3.68;5.7;6.82;5.65;4.54;14.5;4.33;11.5;4.53;3.8;4.52;4.87;4.76
2009Mar;4.16;4.03;4.6;3.02;;4.06;3.81;3.65;5.87;7.81;5.76;4.46;14.5;4.3;11.32;4.58;3.66;4.68;4.71;4.71
2009Apr;4.04;3.93;4.6;3.13;;4.01;3.78;3.66;5.5;8.4;5.34;4.36;14.5;4.54;11.15;4.63;3.77;4.53;4.77;4.93
2009May;4.1;4.03;4.6;3.37;;4.06;3.91;3.8;5.22;8.44;5.27;4.42;14.5;4.59;11.09;4.71;3.85;4.29;4.76;5.03
2009Jun;4.32;4.12;4.6;3.47;;4.25;3.98;3.9;5.33;8.23;5.73;4.61;14.5;4.74;12.75;4.79;3.96;4.5;4.69;5.08
2009Jul;4.04;3.92;4.6;3.34;;4.01;3.77;3.73;4.89;8.53;5.45;4.37;14.5;4.46;12.75;4.61;3.76;4.25;4.33;5.04
2009Aug;3.76;3.77;4.6;3.31;;3.79;3.63;3.59;4.52;8.56;4.92;4.12;14.5;4.15;12.81;4.51;3.61;3.95;4.07;4.9
2009Sep;3.75;3.72;4.6;3.26;;3.81;3.62;3.59;4.56;8.6;4.91;4.09;14.5;3.94;13.27;4.49;3.58;3.94;3.96;4.65
2009Oct;3.65;3.68;4.6;3.21;;3.78;3.57;3.56;4.57;8.64;4.77;4.1;14.5;3.85;13.51;4.44;3.53;3.85;3.86;4.33
2009Nov;3.6;3.64;4.6;3.22;;3.79;3.53;3.56;4.84;6.91;4.82;4.06;14.5;3.87;13.75;4.45;3.52;3.8;3.87;4.23
2009Dec;3.61;3.61;4.6;3.14;;3.81;3.46;3.48;5.49;6.22;4.88;4.01;9.1;3.8;13.75;4.41;3.44;3.91;3.91;4.12
2010Jan;3.75;3.75;4.6;3.26;;3.99;3.49;3.52;6.02;5.95;4.83;4.08;8.15;3.76;13.76;4.5;3.47;4.17;4;4.11
2010Feb;3.66;3.73;4.6;3.17;;3.98;3.38;3.5;6.46;5.64;4.73;4.05;7.15;3.69;13.62;4.49;3.36;4.56;3.84;4.08
2010Mar;3.53;3.63;4.6;3.1;;3.83;3.26;3.44;6.24;6.19;4.53;3.95;5.15;3.6;10.54;4.33;3.37;4.31;3.94;4.01
2010Apr;3.46;3.54;4.6;3.06;;3.9;3.36;3.4;7.83;6.22;4.76;4;5.15;3.51;10.13;4.18;3.32;4.78;3.94;3.93
2010May;3.21;3.31;4.6;2.73;;4.08;3.03;3.08;7.97;6.1;4.86;3.99;5.15;3.17;10.13;4.14;3.02;5.02;3.82;3.82
2010Jun;3.2;3.47;4.6;2.54;;4.56;2.92;3.07;9.1;6.29;5.31;4.1;5.15;3.01;10.12;4.13;2.9;5.54;3.83;3.73
2010Jul;3.07;3.29;4.6;2.62;;4.43;2.85;2.99;10.34;6.56;5.32;4.03;5.15;2.98;10;4.13;2.85;5.49;3.87;3.93
2010Aug;2.77;3.03;4.6;2.35;;4.04;2.62;2.68;10.7;6.48;5.3;3.8;5.15;2.65;10;4.01;2.56;5.31;3.67;3.73
2010Sep;2.8;3.12;4.6;2.3;;4.09;2.58;2.68;11.34;6.44;6.14;3.86;5.15;2.67;9.97;3.9;2.52;6.08;3.64;3.59
2010Oct;2.82;3.21;4.6;2.35;;4.04;2.63;2.72;9.57;6.41;6.42;3.8;5.15;2.73;9.24;3.9;2.58;6.05;3.56;3.67
2010Nov;3.01;3.48;4.6;2.53;;4.69;2.82;3;11.52;6.43;8.22;4.18;5.15;2.94;8.99;4.12;2.79;6.91;3.77;3.8
2010Dec;3.43;3.99;4.6;2.91;;5.38;3.19;3.34;12.01;6.47;8.45;4.6;5.15;3.32;7.55;4.42;3.16;6.53;4.11;4.06
2011Jan;3.54;4.14;4.6;3.02;;5.38;3.27;3.44;11.73;6.55;8.75;4.73;5.15;3.3;5.38;4.51;3.23;6.95;4.29;4.16
2011Feb;3.68;4.21;4.6;3.2;;5.26;3.41;3.6;11.4;6.57;9.1;4.74;5.15;3.45;6.17;4.6;3.41;7.34;4.26;4.24
2011Mar;3.68;4.21;4.6;3.21;;5.25;3.45;3.61;12.44;6.25;9.67;4.88;5.15;3.47;6.49;4.68;3.42;7.8;4.3;4.32
2011Apr;3.76;4.29;4.6;3.34;;5.33;3.57;3.69;13.86;6.1;9.79;4.84;5.12;3.58;6.47;4.73;3.65;9.19;4.53;4.33
2011May;3.53;4.21;4.6;3.06;;5.32;3.32;3.49;15.94;6.03;10.64;4.76;5.05;3.29;6.36;4.63;3.4;9.63;4.43;4.33
2011Jun;3.43;4.14;5.78;2.89;;5.48;3.29;3.43;16.69;6.04;11.43;4.82;5.05;3.15;5.87;4.63;3.28;10.87;4.58;4.39
2011Jul;3.35;4.22;6.25;2.74;;5.83;3.16;3.4;16.15;6.24;12.45;5.46;5.05;3.03;5.67;4.59;3.17;12.15;4.89;4.55
2011Aug;2.84;4.11;6.42;2.21;;5.25;2.68;2.98;15.9;6.46;9.57;5.27;5.05;2.59;5.6;4.32;2.68;10.93;4.99;4.55
2011Sep;2.64;3.88;7;1.83;;5.2;2.35;2.64;17.78;6.6;8.51;5.75;5.09;2.27;5.6;4.14;2.34;11.34;4.86;4.25
2011Oct;2.92;4.2;7;2;;5.26;2.51;2.99;18.04;6.81;8.1;5.97;5.06;2.37;5.62;4.26;2.46;11.72;5.16;4.33
2011Nov;3.36;4.84;7;1.87;;6.2;2.54;3.41;17.92;7.15;8.51;7.06;5.25;2.31;5.73;4.35;2.45;11.89;6.46;4.71
2011Dec;3.1;4.35;7;1.93;;5.53;2.52;3.16;21.14;7.67;8.7;6.81;5.75;2.27;5.93;4.43;2.38;13.08;6.9;5.21
2012Jan;3.27;4.11;7;1.82;;5.41;2.28;3.18;25.91;7.54;7.71;6.54;5.35;2.07;5.74;4.3;2.2;13.85;6.74;5.22
2012Feb;3;3.7;7;1.85;;5.11;2.34;3.02;29.24;7.26;7.02;5.55;5.15;2.03;5.45;4.17;2.24;12.81;5.73;4.98
2012Mar;2.87;3.53;7;1.83;;5.17;2.31;2.95;19.07;7;6.9;5.05;5.29;2.22;5.15;4.31;2.25;13.01;5.08;4.91
2012Apr;2.83;3.52;7;1.62;;5.79;2.15;2.99;21.48;6.59;6.88;5.68;5.3;2.22;5.1;4.26;2.29;12.01;5.27;4.81
2012May;2.49;3.3;7;1.34;;6.13;1.82;2.75;26.9;6.5;7.12;5.78;5.3;1.92;5.15;4.19;1.96;11.59;5.28;4.8
2012Jun;2.29;3.17;7;1.3;;6.59;1.76;2.57;27.82;6.37;7.09;5.9;4.96;1.82;5.07;4.27;1.93;10.56;5.63;4.8
2012Jul;2.07;2.69;7;1.24;;6.79;1.55;2.28;25.82;6.43;6.12;6;4.82;1.7;4.67;4.15;1.75;10.49;6.34;4.41
2012Aug;1.97;2.54;7;1.34;;6.58;1.55;2.12;24.34;6.36;5.91;5.82;4.84;1.66;4.45;4.04;1.76;9.89;6.81;4.24
2012Sep;2.04;2.61;7;1.49;;5.91;1.82;2.24;20.91;5.58;5.28;5.25;4.53;1.65;3.92;4;1.84;8.62;6.32;4.2
2012Oct;2.02;2.44;7;1.47;;5.64;1.78;2.19;17.96;4.78;4.77;4.95;4.32;1.62;3.52;3.99;1.77;8.17;5.74;4.2
2012Nov;1.85;2.29;7;1.34;;5.69;1.67;2.14;17.2;4.6;4.59;4.85;4.11;1.52;3.32;3.95;1.65;8.32;5.43;4.14
2012Dec;1.77;2.1;7;1.3;;5.34;1.6;2.01;13.33;4.54;4.67;4.54;4;1.43;3.24;3.88;1.56;7.25;5.33;3.92
2013Jan;1.92;2.31;7;1.51;;5.05;1.75;2.17;11.1;4.29;4.18;4.21;3.97;1.6;3.21;3.73;1.74;6.24;4.81;3.93
2013Feb;1.96;2.46;7;1.54;;5.22;1.81;2.24;10.95;4.28;3.78;4.49;4.06;1.69;3.22;3.69;1.83;6.4;4.88;3.95
2013Mar;1.75;2.25;7;1.35;;4.92;1.61;2.07;11.38;4.32;3.83;4.64;4.15;1.55;3.17;3.56;1.67;6.1;5.09;3.95
2013Apr;1.64;2.04;7;1.2;;4.59;1.51;1.8;11.58;4.34;3.78;4.28;3.95;1.41;3.15;3.37;1.66;6.15;5.93;3.01
2013May;1.75;2.06;7;1.29;;4.25;1.6;1.87;9.07;4.38;3.48;3.96;3.54;1.47;3.1;3.31;1.69;5.46;5.35;2.52
2013Jun;2.04;2.44;7;1.53;;4.67;1.88;2.21;10.07;4.63;4.02;4.38;3.54;1.76;3.17;3.35;2;6.3;6.38;2.45
2013Jul;2.06;2.54;6;1.56;;4.67;1.91;2.25;10.53;4.91;3.88;4.42;3.54;2.02;3.25;3.21;2.03;6.87;6.58;3.15
2013Aug;2.22;2.65;6;1.73;;4.5;2.07;2.36;10.01;5.04;3.92;4.42;3.65;2.2;3.25;3.23;2.2;6.6;6.51;3.15
2013Sep;2.34;2.75;6;1.89;;4.42;2.19;2.49;10.15;4.92;3.95;4.54;3.89;2.27;3.45;3.28;2.32;7.06;6.56;3.15
2013Oct;2.19;2.57;6;1.76;;4.22;2.04;2.39;8.74;4.99;3.65;4.25;4.01;2.14;3.78;3.25;2.18;6.33;6.47;3.15
2013Nov;2.08;2.42;6;1.68;;4.1;1.94;2.27;8.41;4.97;3.53;4.1;3.99;2.01;3.71;3.18;2.06;5.98;5.91;3.15
2013Dec;2.17;2.43;6;1.8;;4.13;2.03;2.33;8.66;5.1;3.48;4.11;3.69;2.1;3.62;3.19;2.16;6.04;5.27;2.69
2014Jan;2.13;2.45;6;1.76;;3.79;1.99;2.38;8.18;5.11;3.39;3.87;3.42;2.06;3.48;3.05;2.1;5.21;4.73;2.53
2014Feb;1.95;2.4;6;1.56;;3.56;1.92;2.25;7.7;4.78;3.24;3.65;3.33;1.87;3.07;2.96;1.89;4.94;4.43;2.48
2014Mar;1.87;2.26;6;1.51;;3.31;1.91;2.15;6.9;4.51;3.05;3.4;3.33;1.8;2.87;3.02;1.81;4.43;3.85;2.47
2014Apr;1.77;2.16;6;1.46;;3.11;1.84;2.03;6.2;4.41;2.9;3.23;3.26;1.71;2.8;2.93;1.85;3.82;3.52;2.47
2014May;1.62;1.99;6;1.33;;2.93;1.69;1.84;6.38;4.31;2.71;3.12;2.98;1.57;2.74;2.78;1.71;3.66;3.39;2.73
2014Jun;1.65;1.83;6;1.26;;2.72;1.57;1.71;5.93;3.94;2.44;2.92;2.92;1.44;2.53;2.9;1.6;3.5;3.13;2.73
2014Jul;1.47;1.61;6;1.11;;2.68;1.36;1.56;6.1;3.72;2.28;2.79;2.9;1.26;2.4;2.66;1.41;3.69;3.16;2.07
2014Aug;1.28;1.4;6;0.95;;2.41;1.18;1.41;6.09;3.68;2.02;2.63;2.61;1.08;2.35;2.49;1.2;3.47;3.09;1.81
2014Sep;1.22;1.3;6;0.92;;2.2;1.13;1.35;5.89;3.57;1.75;2.4;2.42;0.98;2.28;2.32;1.15;3.18;2.66;1.57
2014Oct;1.1;1.18;6;0.79;;2.12;1.01;1.26;7.26;3.54;1.74;2.42;2.27;0.87;2.18;2.18;1.03;3.21;2.63;1.39
2014Nov;0.98;1.07;6;0.72;;2.07;0.9;1.14;8.1;3.52;1.58;2.29;2.17;0.75;1.77;2.11;0.93;3.13;2.54;1.38
2014Dec;0.81;0.91;6;0.59;;1.78;0.89;0.92;8.42;3.52;1.31;1.99;1.9;0.65;1.63;1.94;0.78;2.81;2.11;1.23
2015Jan;0.54;0.73;6;0.39;;1.54;0.62;0.67;9.48;3.32;1.22;1.7;1.66;0.47;1.1;1.69;0.52;2.49;1.75;1.1
2015Feb;0.44;0.63;6;0.3;;1.52;0.48;0.6;9.72;3.24;1.12;1.56;1.2;0.4;0.78;1.5;0.42;2.32;1.32;0.66
2015Mar;0.37;0.49;6;0.23;;1.23;0.39;0.51;10.52;3.08;0.8;1.29;1.11;0.16;0.56;1.31;0.33;1.74;0.99;0.52
2015Apr;0.29;0.42;6;0.12;;1.31;0.27;0.44;12;3.17;0.73;1.36;0.58;0.06;0.42;1.15;0.31;1.87;1.06;0.96
2015May;0.73;0.86;3.96;0.56;;1.78;0.72;0.89;10.95;2.98;1.25;1.81;0.99;0.42;0.84;1.5;0.75;2.41;1.59;0.92
2015Jun;1.06;1.21;3.89;0.79;;2.22;1.01;1.2;11.43;3.07;1.65;2.2;1.41;0.65;1.28;1.79;1.05;2.93;2.13;1.15
2015Jul;1.08;1.15;3.69;0.71;;2.1;0.95;1.11;;3.94;1.47;2.04;1.64;0.56;1.25;1.78;0.99;2.74;2.43;1.25
2015Aug;0.96;1;3.69;0.61;;1.96;0.82;1.01;10.26;3.9;1.29;1.84;1.64;0.45;0.96;1.57;0.85;2.52;2.07;0.99
2015Sep;0.97;1.01;3.7;0.65;;2.03;0.9;1;8.54;3.91;1.31;1.92;1.64;0.43;1.03;1.61;0.87;2.59;2.05;0.89
2015Oct;0.83;0.85;3.64;0.52;;1.73;0.81;0.87;7.81;3.93;1.14;1.7;1.64;0.31;1.07;1.37;0.73;2.41;1.8;0.75
2015Nov;0.82;0.84;4;0.52;;1.72;0.81;0.88;7.41;3.86;1.1;1.57;1.57;0.25;1.19;1.29;0.72;2.57;1.66;0.71
2015Dec;0.86;0.89;3.87;0.55;;1.69;0.86;0.93;8.21;3.92;1.11;1.58;1.49;0.27;1.08;1.29;0.75;2.49;1.61;0.72
2016Jan;0.77;0.86;3.82;0.43;;1.72;0.78;0.84;9.08;3.84;1.05;1.53;1.47;0.72;1.05;1.25;0.65;2.71;1.61;0.71
2016Feb;0.53;0.72;4;0.17;;1.72;0.53;0.59;10.41;3.68;0.99;1.56;1.42;0.43;0.88;1.16;0.37;3.23;1.59;0.56
2016Mar;0.46;0.62;4.01;0.17;;1.54;0.53;0.51;9.12;3.66;0.85;1.38;1.42;0.42;0.71;1.03;0.32;2.84;1.48;0.43
2016Apr;0.38;0.55;3.99;0.13;;1.53;0.46;0.51;9.03;3.62;0.86;1.44;1.31;0.34;0.61;1;0.4;3.13;1.37;0.38
2016May;0.37;0.55;3.89;0.13;;1.57;0.45;0.51;7.64;3.52;0.84;1.53;0.86;0.33;0.51;1.02;0.38;3.15;1.41;0.41
2016Jun;0.33;0.43;3.82;-0.02;;1.48;0.33;0.39;7.92;3.68;0.76;1.45;0.86;0.17;0.48;0.95;0.25;3.2;1.36;0.77
2016Jul;0.16;0.2;3.87;-0.15;;1.17;0.12;0.17;7.99;3.75;0.47;1.23;0.86;0;0.3;0.76;0.06;3.06;0.95;0.49
2016Aug;0.11;0.15;3.84;-0.13;;1.01;0.06;0.15;8.19;3.58;0.4;1.18;0.86;-0.05;0.12;0.61;0.03;2.91;0.8;0.3
2016Sep;0.15;0.18;3.62;-0.09;;1.04;0.08;0.18;8.34;3.34;0.42;1.27;0.79;-0.03;0.1;0.6;0.06;3.26;0.75;0.32
2016Oct;0.24;0.27;3.39;0;;1.07;0.17;0.33;8.33;3.07;0.5;1.45;0.31;0.07;0.19;0.59;0.16;3.33;0.62;0.42
2016Nov;0.49;0.57;3.47;0.19;;1.43;0.41;0.67;7.33;3.01;0.85;1.94;0.31;0.28;0.56;0.84;0.39;3.51;0.89;0.72
2016Dec;0.53;0.61;3.55;0.25;;1.44;0.46;0.75;6.94;2.95;0.84;1.89;0.31;0.39;0.9;0.82;0.44;3.74;0.96;1.01
2017Jan;0.57;0.7;3.45;0.25;;1.46;0.5;0.86;7.04;2.8;0.99;1.99;0.31;0.43;0.89;1.17;0.48;3.95;0.99;1.03
2017Feb;0.59;0.87;3.37;0.26;;1.7;0.52;1.03;7.52;2.71;1.06;2.35;0.31;0.55;0.99;1.32;0.49;4.04;1.01;1.09
2017Mar;0.59;0.87;3.34;0.35;;1.72;0.51;1.02;7.17;2.74;1.05;2.4;0.31;0.6;0.94;1.55;0.49;3.99;0.99;1.09
2017Apr;0.49;0.78;3.23;0.22;;1.61;0.38;0.88;6.7;2.98;0.91;2.26;0.31;0.49;0.92;1.43;0.5;3.77;1;1.06
2017May;0.65;0.77;3.03;0.34;;1.57;0.49;0.81;5.86;3.01;0.83;2.19;0.31;0.57;0.88;1.37;0.59;3.29;0.98;1.03
2017Jun;0.55;0.62;2.84;0.25;;1.45;0.56;0.66;5.76;2.83;0.7;2.05;0.31;0.52;0.85;1.25;0.5;2.97;0.86;0.86
2017Jul;0.73;0.83;2.57;0.46;;1.6;0.76;0.84;5.33;2.78;0.87;2.23;0.31;0.69;0.98;1.36;0.69;3.03;1.15;0.93
2017Aug;0.61;0.73;2.49;0.35;;1.48;0.65;0.71;5.55;2.87;0.73;2.11;0.31;0.57;0.85;1.23;0.54;2.83;1.09;0.83
2017Sep;0.59;0.7;2.2;0.35;;1.54;0.58;0.7;5.56;2.71;0.7;2.11;0.31;0.55;0.72;1.26;0.53;2.63;0.98;0.82
2017Oct;0.61;0.69;1.84;0.37;;1.61;0.6;0.81;5.59;2.66;0.66;2.07;0.31;0.57;0.71;1.24;0.54;2.32;0.97;0.83
2017Nov;0.51;0.58;1.54;0.31;;1.49;0.52;0.72;5.22;2.65;0.58;1.79;0.31;0.5;0.69;1.13;0.47;1.98;0.81;0.76
2017Dec;0.5;0.53;1.58;0.3;;1.44;0.51;0.67;4.44;2.47;0.54;1.8;0.31;0.49;0.59;1.07;0.45;1.83;0.69;0.67
2018Jan;0.67;0.7;1.68;0.47;;1.47;0.68;0.85;3.79;2.35;0.91;1.98;0.31;0.63;0.6;1.29;0.61;1.85;0.88;0.69
2018Feb;0.84;0.97;1.93;0.66;;1.51;0.84;0.98;4.14;2.27;1.13;2.08;0.31;0.78;0.75;1.38;0.76;2.03;1.14;0.77
2018Mar;0.81;0.87;1.83;0.53;;1.33;0.72;0.83;4.27;2.19;1.01;1.97;0.31;0.68;0.83;1.23;0.63;1.79;1.11;0.8
2018Apr;0.76;0.81;2.12;0.48;;1.21;0.69;0.78;4.04;2.12;0.94;1.77;0.31;0.62;0.8;1.24;0.69;1.66;0.89;0.75
2018May;0.76;0.83;2.52;0.45;;1.39;0.7;0.79;4.29;2.16;0.98;2.18;0.31;0.61;0.86;1.32;0.67;1.84;0.96;0.75
2018Jun;0.71;0.79;2.61;0.33;;1.37;0.63;0.75;4.39;2.2;0.92;2.74;0.31;0.54;0.93;1.37;0.57;1.87;0.99;1.01
2018Jul;0.6;0.68;2.08;0.28;;1.33;0.53;0.67;3.88;2.26;0.83;2.64;0.31;0.47;1.06;1.34;0.47;1.76;0.79;0.94
2018Aug;0.6;0.71;2.22;0.29;;1.4;0.56;0.7;4.18;2.18;0.86;3.16;0.31;0.47;0.95;1.46;0.47;1.82;0.77;0.92
2018Sep;0.67;0.77;2.01;0.37;;1.46;0.66;0.77;4.17;2.14;0.93;2.96;0.31;0.51;0.94;1.52;0.55;1.88;0.75;0.98
2018Oct;0.69;0.85;2.35;0.4;;1.6;0.73;0.82;4.37;2.09;1.01;3.47;0.31;0.56;1.01;1.56;0.58;1.96;0.92;1.07
2018Nov;0.62;0.81;2.41;0.31;;1.59;0.66;0.76;4.42;2.07;0.98;3.39;0.31;0.5;1.05;1.54;0.52;1.91;1.01;1.01
2018Dec;0.52;0.75;2.34;0.19;;1.42;0.55;0.7;4.28;2.04;0.91;2.98;0.31;0.42;1.05;1.39;0.4;1.71;0.96;0.94
2019Jan;0.45;0.77;2.22;0.13;;1.38;0.49;0.65;4.21;2.23;0.94;2.77;0.31;0.37;0.95;1.25;0.33;1.67;0.98;0.88
2019Feb;0.45;0.69;2;0.06;;1.31;0.39;0.55;3.84;2.31;0.84;2.81;0.31;0.26;0.81;1.17;0.24;1.55;0.87;0.78
2019Mar;0.38;0.54;1.74;0.01;;1.13;0.35;0.44;3.76;2.07;0.67;2.69;0.31;0.17;0.7;1.03;0.15;1.32;0.67;0.68
2019Apr;0.31;0.47;1.49;-0.04;;1.05;0.34;0.37;3.42;1.82;0.56;2.62;0.31;0.11;0.58;1;0.2;1.18;0.52;0.57
2019May;0.24;0.41;1.34;-0.13;;0.87;0.25;0.3;3.37;1.69;0.5;2.64;0.31;0.02;0.51;0.95;0.11;1.02;0.38;0.45
2019Jun;0.03;0.15;0.82;-0.31;;0.5;0.05;0.08;2.67;1.36;0.27;2.28;0.31;-0.16;0.33;0.73;-0.09;0.59;0.19;0.25
2019Jul;-0.1;0;0.66;-0.39;;0.35;-0.09;-0.07;2.16;1.06;0.14;1.65;0.31;-0.28;0.15;0.52;-0.21;0.44;-0.01;0.02
2019Aug;-0.37;-0.28;0.44;-0.65;;0.14;-0.35;-0.34;1.98;0.83;-0.05;1.4;0.31;-0.54;-0.07;0.21;-0.5;0.17;-0.06;-0.34
2019Sep;-0.3;-0.24;0.48;-0.59;;0.18;-0.3;-0.27;1.5;0.49;-0.01;0.9;0.31;-0.5;-0.11;0.19;-0.43;0.2;-0.16;-0.34
2019Oct;-0.2;-0.16;0.51;-0.47;;0.2;-0.21;-0.16;1.34;0.47;0.02;1;0.31;-0.4;0;0.26;-0.31;0.19;-0.09;-0.2
2019Nov;-0.09;-0.04;0.58;-0.35;;0.39;-0.08;-0.02;1.36;0.53;0.07;1.27;0.31;-0.27;0.1;0.37;-0.19;0.35;-0.01;0.09
2019Dec;-0.04;0.01;0.57;-0.3;;0.44;-0.04;0.04;1.42;0.59;0.04;1.37;0.31;-0.23;0.16;0.4;-0.14;0.41;0.02;0.13
2020Jan;-0.09;-0.03;0.61;-0.31;;0.42;-0.07;-0.01;1.34;0.61;0;1.28;0.31;-0.25;0.11;0.38;-0.17;0.37;0.09;0.13
2020Feb;-0.26;-0.13;0.56;-0.47;;0.27;-0.24;-0.18;1.07;0.57;-0.13;0.96;0.31;-0.43;-0.04;0.26;-0.34;0.25;0.04;0
2020Mar;-0.09;-0.02;1.26;-0.54;;0.52;-0.12;-0.05;1.97;0.96;0.07;1.55;0.31;-0.36;-0.06;0.4;-0.33;0.71;0.02;0.04
2020Apr;0.05;0.14;1.87;-0.45;;0.82;0.03;0.06;2.05;1.24;0.2;1.8;0.31;-0.25;0.3;0.57;-0.22;0.97;0.27;0.69
2020May;-0.1;0.04;1.69;-0.52;;0.74;-0.12;-0.03;1.93;0.91;0.11;1.76;0.31;-0.32;0.26;0.7;-0.31;0.81;0.74;0.56
2020Jun;-0.13;-0.04;1.05;-0.43;0.14;0.51;-0.18;-0.04;1.32;0.96;0.08;1.46;0.17;-0.34;0.01;0.76;-0.29;0.53;0.42;0.04
2020Jul;-0.25;-0.17;0.95;-0.52;0.05;0.37;-0.21;-0.15;1.14;0.97;-0.05;1.2;0.16;-0.43;-0.17;0.64;-0.39;0.4;0.09;-0.16
2020Aug;-0.28;-0.21;0.89;-0.52;0;0.29;-0.25;-0.17;1.08;0.85;-0.12;1.03;0.16;-0.45;-0.19;0.54;-0.41;0.36;-0.1;-0.22
2020Sep;-0.32;-0.25;0.72;-0.52;0.01;0.27;-0.3;-0.21;1.08;0.79;-0.13;0.98;0.16;-0.5;-0.2;0.51;-0.44;0.32;-0.08;-0.27
2020Oct;-0.4;-0.34;0.44;-0.61;-0.08;0.17;-0.38;-0.3;0.9;0.78;-0.22;0.77;0.16;-0.54;-0.23;0.38;-0.53;0.18;-0.13;-0.35
2020Nov;-0.41;-0.38;0.29;-0.61;-0.14;0.09;-0.4;-0.32;0.75;0.73;-0.25;0.66;0.16;-0.54;-0.25;0.37;-0.54;0.07;-0.18;-0.39
2020Dec;-0.42;-0.39;0.19;-0.62;-0.18;0.04;-0.41;-0.34;0.63;0.63;-0.29;0.58;0.16;-0.55;-0.29;0.27;-0.55;0.03;-0.23;-0.52
2021Jan;-0.4;-0.36;0.21;-0.58;-0.19;0.08;-0.38;-0.31;0.65;0.58;-0.24;0.62;0.16;-0.54;-0.29;0.32;-0.53;0.03;-0.17;-0.43
2021Feb;-0.2;-0.21;0.3;-0.45;-0.11;0.23;-0.22;-0.15;0.81;0.52;-0.06;0.59;0.16;-0.45;-0.25;0.41;-0.39;0.16;0.02;-0.18
2021Mar;-0.09;-0.04;0.39;-0.36;0.05;0.31;-0.13;-0.07;0.91;0.51;0.03;0.7;0.16;-0.4;-0.2;0.4;-0.33;0.23;0.03;-0.05
2021Apr;-0.04;0.04;0.41;-0.33;0.09;0.37;-0.08;-0.01;0.88;0.5;0.08;0.8;0.16;-0.38;-0.21;0.44;-0.3;0.35;0.02;-0.06
2021May;0.08;0.18;0.54;-0.22;0.16;0.52;0.05;0.21;0.99;0.5;0.24;0.98;0.16;-0.31;-0.06;0.53;-0.19;0.53;0.21;0.07
2021Jun;0.02;0.12;0.36;-0.29;0.13;0.45;-0.02;0.15;0.81;0.49;0.18;0.88;0.16;-0.33;0.14;0.5;-0.24;0.43;0.15;0.03
2021Jul;-0.13;-0.03;0.25;-0.45;0.09;0.33;-0.1;-0.01;0.7;0.45;0.03;0.75;0.16;-0.4;0.09;0.49;-0.38;0.27;0.14;-0.14
2021Aug;-0.23;-0.14;0.15;-0.54;0.02;0.21;-0.21;-0.12;0.59;0.43;-0.08;0.63;0.16;-0.47;0;0.44;-0.48;0.14;-0.09;-0.25
2021Sep;-0.08;0.01;0.23;-0.36;0.03;0.33;-0.07;0.04;0.8;0.37;0.07;0.78;0.16;-0.37;0.02;0.57;-0.34;0.26;0.05;-0.08
2021Oct;0.08;0.16;0.39;-0.21;0.18;0.47;0.08;0.2;0.96;0.32;0.22;0.96;0.16;-0.2;0.17;0.67;-0.18;0.39;0.17;0.13
2021Nov;-0.01;0.07;0.55;-0.31;0.2;0.47;0;0.1;1.22;0.32;0.19;1.01;0.16;-0.21;0.26;0.64;-0.27;0.39;0.15;0.02
2021Dec;-0.05;0.03;0.64;-0.38;0.11;0.41;-0.06;0.05;1.29;0.38;0.1;1.05;0.16;-0.22;0.3;0.59;-0.32;0.36;0.17;-0.02
2022Jan;0.18;0.26;0.86;-0.12;0.31;0.66;0.18;0.31;1.62;0.7;0.38;1.35;0.16;-0.04;0.38;0.8;-0.1;0.58;0.4;0.25
2022Feb;0.54;0.59;1.59;0.15;0.79;1.11;0.51;0.68;2.46;1.23;0.78;1.79;0.16;0.4;0.79;1.21;0.24;1.06;0.7;0.71
2022Mar;0.72;0.79;1.92;0.28;1.2;1.22;0.72;0.78;2.61;2.08;0.93;1.85;0.16;0.55;1.2;1.26;0.34;1.16;1.04;0.99
2022Apr;1.29;1.3;2.26;0.75;1.49;1.69;1.18;1.28;2.89;2.44;1.4;2.44;0.16;1.39;1.59;1.71;0.85;1.76;1.55;1.53
2022May;1.54;1.58;2.69;0.95;1.91;2.04;1.43;1.52;3.54;2.96;1.63;2.99;0.16;1.66;1.99;1.98;1.05;2.14;1.82;1.87
2022Jun;2.07;2.13;3.42;1.45;2.48;2.63;2.06;2.06;3.93;3.02;2.13;3.64;0.16;2.16;2.55;2.59;1.82;2.65;2.09;2.38
2022Jul;1.7;1.8;3.41;1.08;2.66;2.31;1.72;1.71;3.38;3.31;1.74;3.36;0.16;1.85;2.47;2.61;1.47;2.26;2.1;2.14
2022Aug;1.68;1.71;3.07;1.03;2.38;2.15;1.63;1.69;3.46;2.48;1.71;3.3;0.16;1.84;2.29;2.61;1.41;2.16;1.71;2.03
2022Sep;2.46;2.45;3.7;1.8;2.93;2.92;2.53;2.41;4.44;3.18;2.42;4.14;0.16;2.55;2.96;3.3;2.14;2.89;1.7;2.87
2022Oct;2.92;2.84;4.2;2.19;4.07;3.29;2.9;2.77;4.87;4.02;2.71;4.53;0.16;2.99;3.81;3.8;2.52;3.26;2.51;3.55
2022Nov;2.7;2.65;4.19;2.07;3.75;3.07;2.69;2.58;4.42;3.57;2.53;4.24;2.88;2.7;3.74;3.44;2.35;3.02;3.56;3.37
2022Dec;2.74;2.7;4.2;2.09;3.46;3.09;2.71;2.62;4.22;3.36;2.59;4.26;2.88;2.68;3.5;3.59;2.43;3.1;3.52;3.2
2023Jan;2.81;2.79;4.19;2.19;3.79;3.2;2.77;2.69;4.29;3.65;2.65;4.24;2.88;2.7;3.7;3.55;2.5;3.13;3.25;3.25
2023Feb;3.04;2.96;4.13;2.37;3.83;3.39;2.94;2.87;4.26;3.76;2.86;4.27;2.88;2.89;3.68;3.61;2.68;3.27;3.38;3.4
2023Mar;3.06;3.04;4.15;2.38;3.96;3.43;2.98;2.92;4.29;3.86;2.86;4.24;2.88;2.99;3.91;3.58;2.76;3.27;3.54;3.58
2023Apr;3.03;3.06;4.01;2.36;3.89;3.4;2.96;2.9;4.22;3.72;2.77;4.23;2.88;2.96;3.88;3.6;2.72;3.2;3.34;3.66
2023May;3.03;3.04;3.97;2.34;3.94;3.41;2.98;2.94;3.98;3.71;2.79;4.31;2.88;2.95;3.83;3.64;2.73;3.16;3.15;3.59
2023Jun;3.05;3.05;3.79;2.38;3.94;3.4;3;2.93;3.71;3.73;2.78;4.07;2.88;2.95;3.79;3.68;2.75;3.09;3.38;3.62
2023Jul;3.12;3.14;3.74;2.46;4.09;3.49;3.07;3.04;3.85;3.74;2.9;4.16;2.88;3.03;3.81;3.78;2.84;3.23;3.4;3.69
2023Aug;3.18;3.22;3.84;2.55;4.15;3.57;3.15;3.11;3.88;3.93;2.96;4.22;2.88;3.08;3.85;3.79;2.92;3.31;3.48;3.8
2023Sep;3.29;3.32;3.99;2.66;4.25;3.71;3.25;3.24;4.08;3.95;3.09;4.51;2.88;3.16;3.88;3.93;3.04;3.45;3.47;3.91
2023Oct;3.49;3.52;4.13;2.82;4.09;3.95;3.47;3.45;4.3;4.18;3.27;4.89;2.88;3.32;4.14;4.18;3.21;3.59;3.67;4.12
2023Nov;3.21;3.23;3.79;2.6;3.67;3.65;3.2;3.19;3.88;3.93;3.01;4.43;2.88;3.03;3.98;3.86;2.95;3.3;3.53;3.86
2023Dec;2.68;2.7;3.23;2.1;3.21;3.12;2.68;2.65;3.28;3.39;2.46;3.82;2.88;2.53;3.49;3.31;2.42;2.86;3.26;3.31
2024Jan;2.76;2.81;3.27;2.18;3.31;3.18;2.8;2.74;3.29;3.29;2.6;3.81;2.88;2.61;3.38;3.38;2.51;2.97;3.06;3.39
2024Feb;2.89;2.95;3.32;2.33;3.49;3.27;2.88;2.85;3.45;3.3;2.78;3.87;2.88;2.82;3.41;3.48;2.64;3.06;3.22;3.51
2024Mar;2.85;2.91;3.21;2.35;3.49;3.19;2.85;2.82;3.37;3.29;2.75;3.7;2.88;2.79;3.4;3.4;2.62;3.02;3.2;3.51
2024Apr;2.99;3.01;3.3;2.45;3.64;3.27;2.94;2.97;3.49;3.34;2.89;3.86;2.88;2.9;3.47;3.47;2.72;3.14;3.22;3.68
2024May;3.02;3.06;3.31;2.52;3.71;3.3;3;3.03;3.55;3.41;2.91;3.84;2.88;2.94;3.43;3.53;2.83;3.16;3.23;3.69
2024Jun;3.04;3.12;3.34;2.48;3.77;3.35;3.05;3.15;3.65;3.38;2.93;3.94;2.88;2.94;3.44;3.55;2.82;3.19;3.32;3.69
2024Jul;2.98;3.06;3.24;2.46;3.8;3.28;3;3.14;3.5;3.37;2.86;3.83;2.88;2.9;3.39;3.5;2.77;3.1;3.21;3.59
2024Aug;2.76;2.83;3.02;2.21;3.56;3.07;2.78;2.94;3.31;3.4;2.64;3.68;2.88;2.66;3.18;3.38;2.53;2.88;2.99;3.38
2024Sep;2.69;2.79;2.91;2.17;3.44;2.99;2.72;2.9;3.19;3.33;2.55;3.57;2.88;2.59;3.12;3.24;2.47;2.78;2.94;3.36
2024Oct;2.74;2.84;2.91;2.23;3.41;2.96;2.75;2.99;3.16;3.32;2.59;3.5;2.88;2.65;3.1;3.21;2.53;2.73;2.97;3.33
2024Nov;2.77;2.92;2.94;2.31;3.51;3.05;2.81;3.09;3.19;3.2;2.63;3.57;2.88;2.72;3.09;3.25;2.57;2.79;3.06;3.33
2024Dec;2.62;2.8;2.81;2.18;3.43;2.89;2.65;3.01;3.05;3.09;2.49;3.32;2.88;2.64;3.04;3.07;2.45;2.68;2.89;3.22
2025Jan;2.91;3.1;3.05;2.48;3.5;3.17;2.95;3.32;3.35;2.98;2.79;3.68;2.88;2.9;3.21;3.35;2.73;2.96;3.1;3.43
2025Feb;2.86;3.01;2.89;2.41;3.25;3.1;2.82;3.15;3.29;2.99;2.72;3.58;2.88;2.76;3.14;3.26;2.63;2.95;2.93;3.22
2025Mar;3.15;3.32;3.1;2.74;3.51;3.39;3.12;3.43;3.6;3.05;3.05;3.89;2.88;3.04;3.37;3.53;2.94;3.29;3.28;3.51
2025Apr;2.98;3.14;2.9;2.51;3.41;3.23;2.94;3.26;3.44;3.05;2.9;3.71;2.88;2.87;3.36;3.37;2.71;3.11;3.1;3.49
2025May;2.98;3.14;2.88;2.56;3.32;3.2;2.95;3.26;3.37;3.04;2.89;3.63;2.88;2.88;3.3;3.43;2.8;3.08;3.06;3.49
2025Jun;2.94;3.09;2.86;2.52;3.2;3.16;2.9;3.24;3.29;3.04;2.85;3.5;2.88;2.88;3.25;3.37;2.76;3.02;3.02;3.43
2025Jul;3.01;3.21;2.9;2.63;3.23;3.24;3.07;3.36;3.36;3.05;2.92;3.54;2.88;2.92;3.17;3.5;2.84;3.11;3.04;3.43
2025Aug;3.03;3.23;2.92;2.67;3.22;3.26;3.09;3.42;3.37;2.98;2.94;3.54;2.88;2.89;3.17;3.54;2.88;3.12;3.17;3.45
2025Sep;3.02;3.26;2.95;2.69;3.27;3.26;3.09;3.51;3.39;2.88;2.95;3.56;2.88;2.93;3.18;3.55;2.88;3.13;3.19;3.48
